"index","mission","fiscal_year","cost_type","cost_group","cost_MUSD"
"0","Cassini","1990","Spacecraft","Development/Implementation","29.5"
"1","Cassini","1991","Launch Support","Launch Vehicle(s) & Support","2.4"
"2","Cassini","1991","Spacecraft","Development/Implementation","143"
"3","Cassini","1992","Launch Support","Launch Vehicle(s) & Support","20.1"
"4","Cassini","1992","Spacecraft","Development/Implementation","210.7"
"5","Cassini","1993","Launch Support","Launch Vehicle(s) & Support","16.2"
"6","Cassini","1993","Spacecraft","Development/Implementation","204.953"
"7","Cassini","1994","Data Analysis","Operations & Data Analysis","0.6"
"8","Cassini","1994","Launch Support","Launch Vehicle(s) & Support","86.4"
"9","Cassini","1994","Spacecraft","Development/Implementation","266.6"
"10","Cassini","1995","Data Analysis","Operations & Data Analysis","3.2"
"11","Cassini","1995","Launch Support","Launch Vehicle(s) & Support","81"
"12","Cassini","1995","Spacecraft","Development/Implementation","255"
"13","Cassini","1996","Data Analysis","Operations & Data Analysis","1.8"
"14","Cassini","1996","Launch Support","Launch Vehicle(s) & Support","88.2"
"15","Cassini","1996","Spacecraft","Development/Implementation","191.5"
"16","Cassini","1997","Data Analysis","Operations & Data Analysis","3"
"17","Cassini","1997","Launch Support","Launch Vehicle(s) & Support","92.7"
"18","Cassini","1997","Operations","Operations & Data Analysis","15"
"19","Cassini","1997","Spacecraft","Development/Implementation","74.6"
"20","Cassini","1998","Data Analysis","Operations & Data Analysis","4.7"
"21","Cassini","1998","Launch Support","Launch Vehicle(s) & Support","17.1"
"22","Cassini","1998","Operations","Operations & Data Analysis","38.1"
"23","Cassini","1999","Data Analysis","Operations & Data Analysis","8.8"
"24","Cassini","1999","Operations","Operations & Data Analysis","55.8"
"25","Cassini","2000","Data Analysis","Operations & Data Analysis","6.2"
"26","Cassini","2000","Operations","Operations & Data Analysis","55"
"27","Cassini","2001","Data Analysis","Operations & Data Analysis","4.5"
"28","Cassini","2001","Operations","Operations & Data Analysis","53.6"
"29","Cassini","2002","Data Analysis","Operations & Data Analysis","5"
"30","Cassini","2002","Operations","Operations & Data Analysis","60.8"
"31","Cassini","2003","Data Analysis","Operations & Data Analysis","5"
"32","Cassini","2003","Operations","Operations & Data Analysis","70.7"
"33","Cassini","2004","Operations","Operations & Data Analysis","81.21428571"
"34","Cassini","2005","Operations","Operations & Data Analysis","81"
"35","Cassini","2006","Operations","Operations & Data Analysis","81.25"
"36","Cassini","2007","Operations","Operations & Data Analysis","81.25"
"37","Cassini","2008","Operations","Operations & Data Analysis","81.25"
"38","Cassini","2009","Operations","Operations & Data Analysis","81.25"
"39","Cassini","2010","Operations","Operations & Data Analysis","81.25"
"40","Cassini","2011","Operations","Operations & Data Analysis","65.8"
"41","Cassini","2012","Operations","Operations & Data Analysis","60.3"
"42","Cassini","2013","Operations","Operations & Data Analysis","57.9"
"43","Cassini","2014","Operations","Operations & Data Analysis","51.6"
"44","Cassini","2015","Operations","Operations & Data Analysis","68.1"
"45","Cassini","2016","Operations","Operations & Data Analysis","58.8"
"46","Cassini","2017","Operations","Operations & Data Analysis","54.1"
"47","Cassini","2018","Operations","Operations & Data Analysis","19.2"
"48","Cassini","2019","Operations","Operations & Data Analysis","3.9"
"49","CONTOUR","1998","Formulation","Formulation","0.4"
"50","CONTOUR","1999","Formulation","Formulation","8.8"
"51","CONTOUR","2000","Development","Development/Implementation","35.2"
"52","CONTOUR","2000","Launch Support","Launch Vehicle(s) & Support","16.9"
"53","CONTOUR","2001","Development","Development/Implementation","41.6"
"54","CONTOUR","2001","Launch Support","Launch Vehicle(s) & Support","20.6"
"55","CONTOUR","2002","Development","Development/Implementation","10.8"
"56","CONTOUR","2002","Launch Support","Launch Vehicle(s) & Support","8.9"
"57","DART","2016","Formulation","Formulation","6.4"
"58","DART","2017","Formulation","Formulation","16.1"
"59","DART","2018","Formulation","Formulation","18.1"
"60","DART","2018","Implementation (incl LV)","Development/Implementation (incl LV)","22.9"
"61","DART","2019","Implementation (incl LV)","Development/Implementation (incl LV)","98"
"62","DART","2020","Implementation (incl LV)","Development/Implementation (incl LV)","72.4"
"63","DART","2021","Implementation (incl LV)","Development/Implementation (incl LV)","74.1"
"64","DART","2021","Operations","Operations & Data Analysis","1.4"
"65","DART","2022","Operations","Operations & Data Analysis","11.1"
"66","DART","2023","Operations","Operations & Data Analysis","4.5"
"67","DAVINCI","2021","Formulation","Formulation","3.5"
"68","DAVINCI","2022","Formulation","Formulation","13.5"
"69","DAVINCI","2023","Formulation","Formulation","22.8"
"70","DAVINCI","2024","Formulation","Formulation","56.7"
"71","DAVINCI","2025","Formulation","Formulation","163.3"
"72","DAVINCI","2026","Implementation (incl LV)","Development/Implementation (incl LV)","105.5"
"73","DAVINCI","2027","Implementation (incl LV)","Development/Implementation (incl LV)","177.5"
"74","Dawn","2002","Development (incl LV)","Development/Implementation (incl LV)","1"
"75","Dawn","2003","Development (incl LV)","Development/Implementation (incl LV)","36.3"
"76","Dawn","2004","Development (incl LV)","Development/Implementation (incl LV)","126.5"
"77","Dawn","2005","Development (incl LV)","Development/Implementation (incl LV)","85.9"
"78","Dawn","2006","Development (incl LV)","Development/Implementation (incl LV)","59.6"
"79","Dawn","2007","Development (incl LV)","Development/Implementation (incl LV)","63.7"
"80","Dawn","2008","Operations","Operations & Data Analysis","7.8"
"81","Dawn","2009","Operations","Operations & Data Analysis","7.6"
"82","Dawn","2010","Operations","Operations & Data Analysis","8.1"
"83","Dawn","2011","Operations","Operations & Data Analysis","14.8"
"84","Dawn","2012","Operations","Operations & Data Analysis","14.3"
"85","Dawn","2013","Operations","Operations & Data Analysis","23.3"
"86","Dawn","2014","Operations","Operations & Data Analysis","1.5"
"87","Dawn","2015","Operations","Operations & Data Analysis","17.2"
"88","Dawn","2016","Operations","Operations & Data Analysis","22.2"
"89","Dawn","2017","Operations","Operations & Data Analysis","1"
"90","Dawn","2018","Operations","Operations & Data Analysis","11.1"
"91","Dawn","2019","Operations","Operations & Data Analysis","0.2"
"92","Deep Impact","1999","Formulation","Formulation","1.5"
"93","Deep Impact","2000","Formulation","Formulation","22.7"
"94","Deep Impact","2000","Launch Services","Launch Vehicle(s) & Support","0.1"
"95","Deep Impact","2001","Development","Development/Implementation","49.9"
"96","Deep Impact","2001","Formulation","Formulation","15.5"
"97","Deep Impact","2001","Launch Services","Launch Vehicle(s) & Support","7.3"
"98","Deep Impact","2002","Development","Development/Implementation","90.9"
"99","Deep Impact","2002","Launch Services","Launch Vehicle(s) & Support","22.5"
"100","Deep Impact","2003","Development","Development/Implementation","57.7"
"101","Deep Impact","2003","Launch Services","Launch Vehicle(s) & Support","22.8"
"102","Deep Impact","2004","Development","Development/Implementation","12.9"
"103","Deep Impact","2004","Launch Services","Launch Vehicle(s) & Support","4.9"
"104","Deep Impact","2005","Development","Development/Implementation","24.6"
"105","Deep Impact","2005","Operations","Operations & Data Analysis","7.3"
"106","Deep Impact","2006","Operations","Operations & Data Analysis","7.7"
"107","Deep Impact","2007","Operations","Operations & Data Analysis","9.175"
"108","Deep Impact","2008","Operations","Operations & Data Analysis","9.175"
"109","Deep Impact","2009","Operations","Operations & Data Analysis","9.175"
"110","Deep Impact","2010","Operations","Operations & Data Analysis","9.175"
"111","Deep Impact","2011","Operations","Operations & Data Analysis","5.3"
"112","Deep Impact","2012","Operations","Operations & Data Analysis","4"
"113","Deep Impact","2013","Operations","Operations & Data Analysis","3"
"114","Deep Space 1","1996","Development","Development/Implementation","33.5"
"115","Deep Space 1","1996","Launch Services","Launch Vehicle(s) & Support","7.7"
"116","Deep Space 1","1997","Development","Development/Implementation","35.1"
"117","Deep Space 1","1997","Launch Services","Launch Vehicle(s) & Support","5"
"118","Deep Space 1","1998","Development","Development/Implementation","31.1"
"119","Deep Space 1","1998","Launch Services","Launch Vehicle(s) & Support","32.8"
"120","Deep Space 1","1999","Operations","Operations & Data Analysis","13.8"
"121","Deep Space 1","2000","Operations","Operations & Data Analysis","4.9"
"122","Deep Space 1","2001","Operations","Operations & Data Analysis","5.8"
"123","Deep Space 1","2002","Operations","Operations & Data Analysis","0.6"
"124","EscaPADE","2021","Spacecraft","Development/Implementation","29.1"
"125","EscaPADE","2022","Spacecraft","Development/Implementation","19.6"
"126","EscaPADE","2023","Spacecraft","Development/Implementation","11.2"
"127","EscaPADE","2024","Spacecraft","Development/Implementation","3.6"
"128","EscaPADE","2025","Spacecraft","Development/Implementation","3"
"129","EscaPADE","2026","Spacecraft","Development/Implementation","2.4"
"130","EscaPADE","2027","Spacecraft","Development/Implementation","0"
"131","Europa Clipper","2013","Formulation","Formulation","69.7"
"132","Europa Clipper","2014","Formulation","Formulation","80"
"133","Europa Clipper","2015","Formulation","Formulation","100"
"134","Europa Clipper","2016","Formulation","Formulation","146.3"
"135","Europa Clipper","2017","Formulation","Formulation","237.4"
"136","Europa Clipper","2018","Formulation","Formulation","525"
"137","Europa Clipper","2019","Formulation","Formulation","195.7"
"138","Europa Clipper","2019","Implementation (incl LV)","Development/Implementation (incl LV)","349.3"
"139","Europa Clipper","2020","Implementation (incl LV)","Development/Implementation (incl LV)","592.6"
"140","Europa Clipper","2021","Implementation (incl LV)","Development/Implementation (incl LV)","434.8"
"141","Europa Clipper","2022","Implementation (incl LV)","Development/Implementation (incl LV)","472.1"
"142","Europa Clipper","2023","Implementation (incl LV)","Development/Implementation (incl LV)","345"
"143","Europa Clipper","2024","Implementation (incl LV)","Development/Implementation (incl LV)","303.3"
"144","Europa Clipper","2025","Implementation (incl LV)","Development/Implementation (incl LV)","11.9"
"145","Europa Clipper","2025","Operations","Operations & Data Analysis","89.3"
"146","Europa Clipper","2026","Operations","Operations & Data Analysis","80.6"
"147","Europa Clipper","2027","Operations","Operations & Data Analysis","77.7"
"148","Europa Clipper","2028","Operations","Operations & Data Analysis","128.05"
"149","Europa Clipper","2029","Operations","Operations & Data Analysis","128.05"
"150","Europa Clipper","2030","Operations","Operations & Data Analysis","128.05"
"151","Europa Clipper","2031","Operations","Operations & Data Analysis","128.05"
"152","Europa Clipper","2032","Operations","Operations & Data Analysis","128.05"
"153","Europa Clipper","2033","Operations","Operations & Data Analysis","128.05"
"154","Europa Clipper","2034","Operations","Operations & Data Analysis","128.05"
"155","Europa Clipper","2035","Operations","Operations & Data Analysis","128.05"
"156","Galileo","1978","Experiments","Science & Experiments","7.59"
"157","Galileo","1978","Ground Operations","Project Management/Ground Operations","1.7"
"158","Galileo","1978","Operations","Operations & Data Analysis","0.9"
"159","Galileo","1978","Spacecraft","Development/Implementation","11.66"
"160","Galileo","1979","Experiments","Science & Experiments","18.714"
"161","Galileo","1979","Ground Operations","Project Management/Ground Operations","5.903"
"162","Galileo","1979","Operations","Operations & Data Analysis","2.4"
"163","Galileo","1979","Spacecraft","Development/Implementation","54.083"
"164","Galileo","1980","Experiments","Science & Experiments","19.39"
"165","Galileo","1980","Ground Operations","Project Management/Ground Operations","7.488"
"166","Galileo","1980","Operations","Operations & Data Analysis","8.3"
"167","Galileo","1980","Spacecraft","Development/Implementation","89.222"
"168","Galileo","1981","Experiments","Science & Experiments","8.8"
"169","Galileo","1981","Ground Operations","Project Management/Ground Operations","6.6"
"170","Galileo","1981","Operations","Operations & Data Analysis","2.4"
"171","Galileo","1981","Spacecraft","Development/Implementation","47.7"
"172","Galileo","1982","Experiments","Science & Experiments","13.5"
"173","Galileo","1982","Ground Operations","Project Management/Ground Operations","11.7"
"174","Galileo","1982","Operations","Operations & Data Analysis","8.2"
"175","Galileo","1982","Spacecraft","Development/Implementation","90.5"
"176","Galileo","1983","Experiments","Science & Experiments","8.612"
"177","Galileo","1983","Ground Operations","Project Management/Ground Operations","15.464"
"178","Galileo","1983","Operations","Operations & Data Analysis","12.6"
"179","Galileo","1983","Spacecraft","Development/Implementation","67.524"
"180","Galileo","1984","Experiments","Science & Experiments","9.375"
"181","Galileo","1984","Ground Operations","Project Management/Ground Operations","19.547"
"182","Galileo","1984","Operations","Operations & Data Analysis","37.2"
"183","Galileo","1984","Spacecraft","Development/Implementation","50.578"
"184","Galileo","1985","Experiments","Science & Experiments","10.275"
"185","Galileo","1985","Ground Operations","Project Management/Ground Operations","20.78"
"186","Galileo","1985","Operations","Operations & Data Analysis","36.6"
"187","Galileo","1985","Spacecraft","Development/Implementation","27.745"
"188","Galileo","1986","Experiments","Science & Experiments","14.215"
"189","Galileo","1986","Ground Operations","Project Management/Ground Operations","15.81"
"190","Galileo","1986","Operations","Operations & Data Analysis","10.9"
"191","Galileo","1986","Spacecraft","Development/Implementation","34.175"
"192","Galileo","1987","Experiments","Science & Experiments","11.383"
"193","Galileo","1987","Ground Operations","Project Management/Ground Operations","14.102"
"194","Galileo","1987","Operations","Operations & Data Analysis","11.8"
"195","Galileo","1987","Spacecraft","Development/Implementation","45.715"
"196","Galileo","1988","Experiments","Science & Experiments","9.078"
"197","Galileo","1988","Ground Operations","Project Management/Ground Operations","11.445"
"198","Galileo","1988","Operations","Operations & Data Analysis","31.2"
"199","Galileo","1988","Spacecraft","Development/Implementation","31.377"
"200","Galileo","1989","Experiments","Science & Experiments","13.67"
"201","Galileo","1989","Ground Operations","Project Management/Ground Operations","24.85"
"202","Galileo","1989","Operations","Operations & Data Analysis","85.5"
"203","Galileo","1989","Spacecraft","Development/Implementation","34.88"
"204","Galileo","1989","Upper Stage","Launch Vehicle(s) & Support","18.2"
"205","Galileo","1990","Operations","Operations & Data Analysis","37.315"
"206","Galileo","1991","Operations","Operations & Data Analysis","48.074"
"207","Galileo","1992","Operations","Operations & Data Analysis","57.7"
"208","Galileo","1993","Operations","Operations & Data Analysis","59.429"
"209","Galileo","1994","Operations","Operations & Data Analysis","59.4"
"210","Galileo","1995","Operations","Operations & Data Analysis","70.7"
"211","Galileo","1996","Operations","Operations & Data Analysis","71.5"
"212","Galileo","1997","Operations","Operations & Data Analysis","64.4"
"213","Galileo","1998","Operations","Operations & Data Analysis","29.8"
"214","Galileo","1999","Operations","Operations & Data Analysis","16"
"215","Galileo","2000","Operations","Operations & Data Analysis","15"
"216","Galileo","2001","Operations","Operations & Data Analysis","15"
"217","Galileo","2002","Operations","Operations & Data Analysis","15"
"218","Galileo","2003","Operations","Operations & Data Analysis","15"
"219","Genesis","1997","Formulation","Formulation","0.3"
"220","Genesis","1997","Launch Support","Launch Vehicle(s) & Support","0.5"
"221","Genesis","1998","Development","Development/Implementation","23"
"222","Genesis","1998","Formulation","Formulation","11.1"
"223","Genesis","1998","Launch Support","Launch Vehicle(s) & Support","9.6"
"224","Genesis","1999","Development","Development/Implementation","65.1"
"225","Genesis","1999","Launch Support","Launch Vehicle(s) & Support","17.8"
"226","Genesis","2000","Development","Development/Implementation","42.7"
"227","Genesis","2000","Launch Support","Launch Vehicle(s) & Support","19.6"
"228","Genesis","2001","Development","Development/Implementation","20.8"
"229","Genesis","2001","Launch Support","Launch Vehicle(s) & Support","1.2"
"230","Genesis","2001","Operations & Data Analysis","Operations & Data Analysis","7.6"
"231","Genesis","2002","Operations & Data Analysis","Operations & Data Analysis","10.2"
"232","Genesis","2003","Operations & Data Analysis","Operations & Data Analysis","10"
"233","Genesis","2004","Operations & Data Analysis","Operations & Data Analysis","9.3"
"234","Genesis","2005","Operations & Data Analysis","Operations & Data Analysis","9.7"
"235","Genesis","2006","Operations & Data Analysis","Operations & Data Analysis","1.9"
"236","Genesis","2007","Operations & Data Analysis","Operations & Data Analysis","1.1"
"237","Genesis","2008","Operations & Data Analysis","Operations & Data Analysis","0.2"
"238","GRAIL","2007","Formulation","Formulation","1.2"
"239","GRAIL","2008","Formulation","Formulation","27"
"240","GRAIL","2008","Implementation (incl LV)","Development/Implementation (incl LV)","40.1"
"241","GRAIL","2009","Formulation","Formulation","22.3"
"242","GRAIL","2009","Implementation (incl LV)","Development/Implementation (incl LV)","130.6"
"243","GRAIL","2010","Implementation (incl LV)","Development/Implementation (incl LV)","124.1"
"244","GRAIL","2011","Implementation (incl LV)","Development/Implementation (incl LV)","103.4"
"245","GRAIL","2012","Operations","Operations & Data Analysis","29.8"
"246","GRAIL","2013","Operations","Operations & Data Analysis","7"
"247","GRAIL","2014","Operations","Operations & Data Analysis","3"
"248","Helios","1970","Spacecraft","Development/Implementation","0.3"
"249","Helios","1971","Spacecraft","Development/Implementation","1.9"
"250","Helios","1972","Spacecraft","Development/Implementation","2.5"
"251","Helios","1973","Spacecraft","Development/Implementation","2.265"
"252","Helios","1973","Launch Vehicle(s)","Launch Vehicle(s) & Support","18.2"
"253","Helios","1974","Spacecraft","Development/Implementation","1.325"
"254","Helios","1974","Launch Vehicle(s)","Launch Vehicle(s) & Support","21.6"
"255","Helios","1975","Spacecraft","Development/Implementation","1.4"
"256","Helios","1976","Spacecraft","Development/Implementation","1.2"
"257","InSight","2011","Formulation","Formulation","3"
"258","InSight","2012","Formulation","Formulation","62"
"259","InSight","2013","Formulation","Formulation","33.8"
"260","InSight","2013","Implementation (incl LV)","Development/Implementation (incl LV)","88.9"
"261","InSight","2014","Implementation (incl LV)","Development/Implementation (incl LV)","203.3"
"262","InSight","2015","Implementation (incl LV)","Development/Implementation (incl LV)","170"
"263","InSight","2016","Implementation (incl LV)","Development/Implementation (incl LV)","92.1"
"264","InSight","2017","Implementation (incl LV)","Development/Implementation (incl LV)","32.3"
"265","InSight","2018","Implementation (incl LV)","Development/Implementation (incl LV)","74.3"
"266","InSight","2019","Operations","Operations & Data Analysis","23.1"
"267","InSight","2020","Operations","Operations & Data Analysis","13.6"
"268","InSight","2021","Operations","Operations & Data Analysis","14.9"
"269","InSight","2022","Operations","Operations & Data Analysis","8.8"
"270","InSight","2023","Operations","Operations & Data Analysis","7.8"
"271","Janus","2021","Spacecraft","Development/Implementation","23.7"
"272","Janus","2022","Spacecraft","Development/Implementation","15.3"
"273","Janus","2023","Spacecraft","Development/Implementation","1.2"
"274","Janus","2024","Spacecraft","Development/Implementation","0.6"
"275","Janus","2025","Spacecraft","Development/Implementation","0.6"
"276","Janus","2026","Spacecraft","Development/Implementation","1.1"
"277","Janus","2027","Spacecraft","Development/Implementation","0"
"278","Juno","2005","Formulation","Formulation","2.7"
"279","Juno","2006","Formulation","Formulation","40.4"
"280","Juno","2007","Formulation","Formulation","87.8"
"281","Juno","2008","Formulation","Formulation","55.5"
"282","Juno","2008","Implementation (incl LV)","Development/Implementation (incl LV)","39.5"
"283","Juno","2009","Implementation (incl LV)","Development/Implementation (incl LV)","260.1"
"284","Juno","2010","Implementation (incl LV)","Development/Implementation (incl LV)","257.1"
"285","Juno","2011","Implementation (incl LV)","Development/Implementation (incl LV)","185.6"
"286","Juno","2011","Operations","Operations & Data Analysis","3.6"
"287","Juno","2012","Operations","Operations & Data Analysis","14.4"
"288","Juno","2013","Operations","Operations & Data Analysis","17.8"
"289","Juno","2014","Operations","Operations & Data Analysis","7.7"
"290","Juno","2015","Operations","Operations & Data Analysis","35.4"
"291","Juno","2016","Operations","Operations & Data Analysis","45.8"
"292","Juno","2017","Operations","Operations & Data Analysis","61.9"
"293","Juno","2018","Operations","Operations & Data Analysis","17.8"
"294","Juno","2019","Operations","Operations & Data Analysis","11.8"
"295","Juno","2020","Operations","Operations & Data Analysis","33.8"
"296","Juno","2021","Operations","Operations & Data Analysis","35"
"297","Juno","2022","Operations","Operations & Data Analysis","32"
"298","Juno","2023","Operations","Operations & Data Analysis","30.5"
"299","LADEE","2008","Formulation","Formulation","5.1"
"300","LADEE","2009","Formulation","Formulation","30.2"
"301","LADEE","2010","Formulation","Formulation","48.2"
"302","LADEE","2011","Implementation (incl LV)","Development/Implementation (incl LV)","64.5"
"303","LADEE","2012","Implementation (incl LV)","Development/Implementation (incl LV)","70.4"
"304","LADEE","2013","Implementation (incl LV)","Development/Implementation (incl LV)","43.9"
"305","LADEE","2013","Operations","Operations & Data Analysis","4.8"
"306","LADEE","2014","Operations","Operations & Data Analysis","8.5"
"307","Lucy","2016","Formulation","Formulation","3"
"308","Lucy","2017","Formulation","Formulation","54.5"
"309","Lucy","2018","Formulation","Formulation","37.2"
"310","Lucy","2018","Implementation (incl LV)","Development/Implementation (incl LV)","44.2"
"311","Lucy","2019","Implementation (incl LV)","Development/Implementation (incl LV)","165.5"
"312","Lucy","2020","Implementation (incl LV)","Development/Implementation (incl LV)","208.6"
"313","Lucy","2021","Implementation (incl LV)","Development/Implementation (incl LV)","139.9"
"314","Lucy","2022","Implementation (incl LV)","Development/Implementation (incl LV)","52.3"
"315","Lucy","2022","Operations","Operations & Data Analysis","25"
"316","Lucy","2023","Operations","Operations & Data Analysis","22.9"
"317","Lucy","2024","Operations","Operations & Data Analysis","24.8"
"318","Lucy","2025","Operations","Operations & Data Analysis","26.4"
"319","Lucy","2026","Operations","Operations & Data Analysis","23.3"
"320","Lucy","2027","Operations","Operations & Data Analysis","38.1"
"321","Lucy","2028","Operations","Operations & Data Analysis","18.78333333"
"322","Lucy","2029","Operations","Operations & Data Analysis","22.00277778"
"323","Lucy","2030","Operations","Operations & Data Analysis","21.4662037"
"324","Lucy","2031","Operations","Operations & Data Analysis","21.55563272"
"325","Lucy","2032","Operations","Operations & Data Analysis","21.54072788"
"326","Lucy","2033","Operations","Operations & Data Analysis","21.54321202"
"327","Lunar Orbiters","1963","Spacecraft","Development/Implementation","4"
"328","Lunar Orbiters","1964","Spacecraft","Development/Implementation","20"
"329","Lunar Orbiters","1965","Ground Operations","Project Management/Ground Operations","0.744"
"330","Lunar Orbiters","1965","Launch Vehicle(s)","Launch Vehicle(s) & Support","9.102"
"331","Lunar Orbiters","1965","Spacecraft","Development/Implementation","48.758"
"332","Lunar Orbiters","1966","Experiments","Science & Experiments","0.178"
"333","Lunar Orbiters","1966","Ground Operations","Project Management/Ground Operations","1.236"
"334","Lunar Orbiters","1966","Launch Vehicle(s)","Launch Vehicle(s) & Support","14.5"
"335","Lunar Orbiters","1966","Spacecraft","Development/Implementation","56.667"
"336","Lunar Orbiters","1967","Launch Vehicle(s)","Launch Vehicle(s) & Support","9.3"
"337","Lunar Orbiters","1967","Spacecraft","Development/Implementation","26"
"338","Lunar Orbiters","1968","Experiments","Science & Experiments","0.22"
"339","Lunar Orbiters","1968","Ground Operations","Project Management/Ground Operations","1"
"340","Lunar Orbiters","1968","Spacecraft","Development/Implementation","8.78"
"341","Lunar Prospector","1996","Development","Development/Implementation","36.4"
"342","Lunar Prospector","1997","Development","Development/Implementation","19.8"
"343","Lunar Prospector","1997","Operations & Data Analysis","Operations & Data Analysis","0.8"
"344","Lunar Prospector","1998","Development","Development/Implementation","0.4"
"345","Lunar Prospector","1998","Operations & Data Analysis","Operations & Data Analysis","4.3"
"346","Lunar Prospector","1999","Operations & Data Analysis","Operations & Data Analysis","2.2"
"347","Lunar Trailblazer","2021","Spacecraft","Development/Implementation","23.2"
"348","Lunar Trailblazer","2022","Spacecraft","Development/Implementation","17.5"
"349","Lunar Trailblazer","2023","Spacecraft","Development/Implementation","1.2"
"350","Lunar Trailblazer","2024","Spacecraft","Development/Implementation","4.3"
"351","Lunar Trailblazer","2025","Spacecraft","Development/Implementation","3.4"
"352","Lunar Trailblazer","2026","Spacecraft","Development/Implementation","1.8"
"353","Lunar Trailblazer","2027","Spacecraft","Development/Implementation","0.8"
"354","Magellan","1984","Experiments","Science & Experiments","12.483"
"355","Magellan","1984","Ground Operations","Project Management/Ground Operations","0.562"
"356","Magellan","1984","Spacecraft","Development/Implementation","15.955"
"357","Magellan","1985","Experiments","Science & Experiments","25.995"
"358","Magellan","1985","Ground Operations","Project Management/Ground Operations","2.18"
"359","Magellan","1985","Operations","Operations & Data Analysis","28.4"
"360","Magellan","1985","Spacecraft","Development/Implementation","64.325"
"361","Magellan","1986","Experiments","Science & Experiments","40.823"
"362","Magellan","1986","Ground Operations","Project Management/Ground Operations","4.512"
"363","Magellan","1986","Operations","Operations & Data Analysis","20.2"
"364","Magellan","1986","Spacecraft","Development/Implementation","74.965"
"365","Magellan","1987","Experiments","Science & Experiments","29.17"
"366","Magellan","1987","Ground Operations","Project Management/Ground Operations","13.605"
"367","Magellan","1987","Operations","Operations & Data Analysis","11.8"
"368","Magellan","1987","Spacecraft","Development/Implementation","54.525"
"369","Magellan","1988","Experiments","Science & Experiments","17.017"
"370","Magellan","1988","Ground Operations","Project Management/Ground Operations","12.588"
"371","Magellan","1988","Operations","Operations & Data Analysis","49.9"
"372","Magellan","1988","Spacecraft","Development/Implementation","43.395"
"373","Magellan","1989","Experiments","Science & Experiments","5.88"
"374","Magellan","1989","Ground Operations","Project Management/Ground Operations","13.79"
"375","Magellan","1989","Operations","Operations & Data Analysis","69.7"
"376","Magellan","1989","Spacecraft","Development/Implementation","23.43"
"377","Magellan","1990","Operations","Operations & Data Analysis","41.207"
"378","Magellan","1991","Operations","Operations & Data Analysis","43.3"
"379","Magellan","1992","Operations","Operations & Data Analysis","45.1"
"380","Magellan","1993","Operations","Operations & Data Analysis","7"
"381","Magellan","1994","Operations","Operations & Data Analysis","11.8"
"382","Mariner 10","1970","Spacecraft","Development/Implementation","0.9"
"383","Mariner 10","1971","Ground Operations","Project Management/Ground Operations","0.1"
"384","Mariner 10","1971","Launch Vehicle(s)","Launch Vehicle(s) & Support","3.045"
"385","Mariner 10","1971","Science","Science & Experiments","1.6"
"386","Mariner 10","1971","Spacecraft","Development/Implementation","8.661"
"387","Mariner 10","1972","Ground Operations","Project Management/Ground Operations","1.1"
"388","Mariner 10","1972","Launch Vehicle(s)","Launch Vehicle(s) & Support","7.8"
"389","Mariner 10","1972","Science","Science & Experiments","5.4"
"390","Mariner 10","1972","Spacecraft","Development/Implementation","38.1"
"391","Mariner 10","1973","Ground Operations","Project Management/Ground Operations","2.012"
"392","Mariner 10","1973","Launch Vehicle(s)","Launch Vehicle(s) & Support","6.8"
"393","Mariner 10","1973","Science","Science & Experiments","2.812"
"394","Mariner 10","1973","Spacecraft","Development/Implementation","25.683"
"395","Mariner 10","1974","Operations","Operations & Data Analysis","3.567"
"396","Mariner 10","1974","Science","Science & Experiments","2.303"
"397","Mariner 10","1974","Spacecraft","Development/Implementation","5.3"
"398","Mariner 10","1975","Operations","Operations & Data Analysis","5.324"
"399","Mariner 8 & 9","1969","Launch Vehicle(s)","Launch Vehicle(s) & Support","11.039"
"400","Mariner 8 & 9","1969","Spacecraft","Development/Implementation","20.58"
"401","Mariner 8 & 9","1970","Launch Vehicle(s)","Launch Vehicle(s) & Support","9.2"
"402","Mariner 8 & 9","1970","Spacecraft","Development/Implementation","59.256"
"403","Mariner 8 & 9","1971","Operations","Operations & Data Analysis","6"
"404","Mariner 8 & 9","1971","Project Management","Project Management/Ground Operations","3.591"
"405","Mariner 8 & 9","1971","Spacecraft","Development/Implementation","21.7"
"406","Mariner 8 & 9","1972","Operations","Operations & Data Analysis","13.42"
"407","Mariner 8 & 9","1972","Project Management","Project Management/Ground Operations","3.39"
"408","Mariner 8 & 9","1972","Spacecraft","Development/Implementation","0.19"
"409","Mariner 8 & 9","1973","Operations","Operations & Data Analysis","7.176"
"410","Mariner R (I & II) Venus fly-by","1962","Spacecraft","Development/Implementation","13.226"
"411","Mariner R (I & II) Venus fly-by","1962","Launch Vehicle(s)","Launch Vehicle(s) & Support","17"
"412","Mariner R (I & II) Venus fly-by","1963","Spacecraft","Development/Implementation","7.7"
"413","Mariner R (I & II) Venus fly-by","1963","Launch Vehicle(s)","Launch Vehicle(s) & Support","4.812"
"414","Mariner-Mars '64 (III & IV)","1963","Spacecraft","Development/Implementation","31.8"
"415","Mariner-Mars '64 (III & IV)","1964","Spacecraft","Development/Implementation","28.36"
"416","Mariner-Mars '64 (III & IV)","1964","Launch Vehicle(s)","Launch Vehicle(s) & Support","10.55"
"417","Mariner-Mars '64 (III & IV)","1965","Spacecraft","Development/Implementation","16.2"
"418","Mariner-Mars '64 (III & IV)","1965","Launch Vehicle(s)","Launch Vehicle(s) & Support","9.102"
"419","Mariner-Mars '64 (III & IV)","1966","Spacecraft","Development/Implementation","2.335"
"420","Mariner-Mars '64 (III & IV)","1967","Spacecraft","Development/Implementation","1"
"421","Mariner-Mars 1969 (VI & VII)","1967","Spacecraft","Development/Implementation","30.13"
"422","Mariner-Mars 1969 (VI & VII)","1967","Launch Vehicle(s)","Launch Vehicle(s) & Support","9"
"423","Mariner-Mars 1969 (VI & VII)","1968","Spacecraft","Development/Implementation","62.85"
"424","Mariner-Mars 1969 (VI & VII)","1968","Launch Vehicle(s)","Launch Vehicle(s) & Support","6.874"
"425","Mariner-Mars 1969 (VI & VII)","1969","Spacecraft","Development/Implementation","26.13"
"426","Mariner-Mars 1969 (VI & VII)","1970","Spacecraft","Development/Implementation","3.715"
"427","Mariner-Mars 1969 (VI & VII)","1971","Spacecraft","Development/Implementation","0.188"
"428","Mariner-Venus 1967 (V)","1966","Spacecraft","Development/Implementation","10.9"
"429","Mariner-Venus 1967 (V)","1966","Launch Vehicle(s)","Launch Vehicle(s) & Support","14.5"
"430","Mariner-Venus 1967 (V)","1967","Spacecraft","Development/Implementation","12.058"
"431","Mariner-Venus 1967 (V)","1968","Spacecraft","Development/Implementation","3.4"
"432","Mars Global Surveyor","1994","Data Analysis","Operations & Data Analysis","0.2"
"433","Mars Global Surveyor","1994","Development","Development/Implementation","14.6"
"434","Mars Global Surveyor","1995","Data Analysis","Operations & Data Analysis","0.2"
"435","Mars Global Surveyor","1995","Development","Development/Implementation","58"
"436","Mars Global Surveyor","1995","Launch Support","Launch Vehicle(s) & Support","21.8"
"437","Mars Global Surveyor","1996","Data Analysis","Operations & Data Analysis","0.4"
"438","Mars Global Surveyor","1996","Development","Development/Implementation","58.1"
"439","Mars Global Surveyor","1996","Launch Support","Launch Vehicle(s) & Support","24.4"
"440","Mars Global Surveyor","1997","Data Analysis","Operations & Data Analysis","0.3"
"441","Mars Global Surveyor","1997","Launch Support","Launch Vehicle(s) & Support","6.4"
"442","Mars Global Surveyor","1997","Operations & Data Analysis","Operations & Data Analysis","14.7"
"443","Mars Global Surveyor","1998","Operations & Data Analysis","Operations & Data Analysis","19.5"
"444","Mars Global Surveyor","1999","Operations & Data Analysis","Operations & Data Analysis","13.1"
"445","Mars Global Surveyor","2000","Operations & Data Analysis","Operations & Data Analysis","12.8"
"446","Mars Global Surveyor","2001","Operations & Data Analysis","Operations & Data Analysis","9.1"
"447","Mars Global Surveyor","2002","Operations & Data Analysis","Operations & Data Analysis","6"
"448","Mars Global Surveyor","2003","Operations & Data Analysis","Operations & Data Analysis","6"
"449","Mars Global Surveyor","2004","Operations & Data Analysis","Operations & Data Analysis","6"
"450","Mars Global Surveyor","2005","Operations & Data Analysis","Operations & Data Analysis","6"
"451","Mars Global Surveyor","2006","Operations & Data Analysis","Operations & Data Analysis","6"
"452","Mars Observer","1985","Experiments","Science & Experiments","8.705"
"453","Mars Observer","1985","Ground Operations","Project Management/Ground Operations","2.285"
"454","Mars Observer","1985","Spacecraft","Development/Implementation","2.01"
"455","Mars Observer","1986","Experiments","Science & Experiments","16.39"
"456","Mars Observer","1986","Ground Operations","Project Management/Ground Operations","1.225"
"457","Mars Observer","1986","Operations","Operations & Data Analysis","18.9"
"458","Mars Observer","1986","Spacecraft","Development/Implementation","16.185"
"459","Mars Observer","1987","Experiments","Science & Experiments","16.392"
"460","Mars Observer","1987","Ground Operations","Project Management/Ground Operations","3.693"
"461","Mars Observer","1987","Spacecraft","Development/Implementation","15.715"
"462","Mars Observer","1988","Experiments","Science & Experiments","24.842"
"463","Mars Observer","1988","Ground Operations","Project Management/Ground Operations","2.974"
"464","Mars Observer","1988","Spacecraft","Development/Implementation","26.084"
"465","Mars Observer","1989","Experiments","Science & Experiments","36.095"
"466","Mars Observer","1989","Ground Operations","Project Management/Ground Operations","5.5"
"467","Mars Observer","1989","Launch Vehicle(s)","Launch Vehicle(s) & Support","5"
"468","Mars Observer","1989","Spacecraft","Development/Implementation","60.605"
"469","Mars Observer","1989","Upper Stage","Launch Vehicle(s) & Support","12.8"
"470","Mars Observer","1990","Experiments","Science & Experiments","30.9"
"471","Mars Observer","1990","Ground Operations","Project Management/Ground Operations","8.5"
"472","Mars Observer","1990","Launch Vehicle(s)","Launch Vehicle(s) & Support","39.9"
"473","Mars Observer","1990","Spacecraft","Development/Implementation","59.522"
"474","Mars Observer","1990","Upper Stage","Launch Vehicle(s) & Support","27.3"
"475","Mars Observer","1991","Experiments","Science & Experiments","37.128"
"476","Mars Observer","1991","Ground Operations","Project Management/Ground Operations","8.38"
"477","Mars Observer","1991","Launch Vehicle(s)","Launch Vehicle(s) & Support","98.3"
"478","Mars Observer","1991","Spacecraft","Development/Implementation","43.02"
"479","Mars Observer","1991","Upper Stage","Launch Vehicle(s) & Support","12.6"
"480","Mars Observer","1992","Experiments","Science & Experiments","36"
"481","Mars Observer","1992","Ground Operations","Project Management/Ground Operations","6.3"
"482","Mars Observer","1992","Launch Vehicle(s)","Launch Vehicle(s) & Support","32.6"
"483","Mars Observer","1992","Spacecraft","Development/Implementation","42.7"
"484","Mars Observer","1992","Upper Stage","Launch Vehicle(s) & Support","6.8"
"485","Mars Observer","1993","Operations","Operations & Data Analysis","21.2"
"486","Mars Odyssey","1998","Development","Development/Implementation","60.7"
"487","Mars Odyssey","1998","Launch Support","Launch Vehicle(s) & Support","4.2"
"488","Mars Odyssey","1999","Development","Development/Implementation","183.5"
"489","Mars Odyssey","1999","Launch Support","Launch Vehicle(s) & Support","30"
"490","Mars Odyssey","2000","Development","Development/Implementation","89.5"
"491","Mars Odyssey","2000","Launch Support","Launch Vehicle(s) & Support","19.7"
"492","Mars Odyssey","2001","Development","Development/Implementation","32.5"
"493","Mars Odyssey","2001","Operations & Data Analysis","Operations & Data Analysis","5.8"
"494","Mars Odyssey","2002","Operations & Data Analysis","Operations & Data Analysis","14"
"495","Mars Odyssey","2003","Operations & Data Analysis","Operations & Data Analysis","10.5"
"496","Mars Odyssey","2004","Operations & Data Analysis","Operations & Data Analysis","9.9"
"497","Mars Odyssey","2005","Operations & Data Analysis","Operations & Data Analysis","10"
"498","Mars Odyssey","2006","Operations & Data Analysis","Operations & Data Analysis","10"
"499","Mars Odyssey","2007","Operations & Data Analysis","Operations & Data Analysis","10"
"500","Mars Odyssey","2008","Operations & Data Analysis","Operations & Data Analysis","10"
"501","Mars Odyssey","2009","Operations & Data Analysis","Operations & Data Analysis","10"
"502","Mars Odyssey","2010","Operations & Data Analysis","Operations & Data Analysis","10"
"503","MER","2008","Operations","Operations & Data Analysis","20"
"504","Mars Odyssey","2011","Operations & Data Analysis","Operations & Data Analysis","10.1"
"505","Mars Odyssey","2012","Operations & Data Analysis","Operations & Data Analysis","13.3"
"506","Mars Odyssey","2013","Operations & Data Analysis","Operations & Data Analysis","13.2"
"507","Mars Odyssey","2014","Operations & Data Analysis","Operations & Data Analysis","12.3"
"508","Mars Odyssey","2015","Operations & Data Analysis","Operations & Data Analysis","12"
"509","Mars Odyssey","2016","Operations & Data Analysis","Operations & Data Analysis","9.7"
"510","Mars Odyssey","2017","Operations & Data Analysis","Operations & Data Analysis","10.8"
"511","Mars Odyssey","2018","Operations & Data Analysis","Operations & Data Analysis","11.3"
"512","Mars Odyssey","2019","Operations & Data Analysis","Operations & Data Analysis","11.5"
"513","Mars Odyssey","2020","Operations & Data Analysis","Operations & Data Analysis","11.7"
"514","Mars Odyssey","2021","Operations & Data Analysis","Operations & Data Analysis","11.4"
"515","Mars Odyssey","2022","Operations & Data Analysis","Operations & Data Analysis","11"
"516","Mars Odyssey","2023","Operations & Data Analysis","Operations & Data Analysis","11"
"517","Mars Pathfinder","1993","Launch Support","Launch Vehicle(s) & Support","0.3"
"518","Mars Pathfinder","1993","Microrover","Development/Implementation","2.8"
"519","Mars Pathfinder","1994","Development","Development/Implementation","60.8"
"520","Mars Pathfinder","1994","Launch Support","Launch Vehicle(s) & Support","9.6"
"521","Mars Pathfinder","1994","Microrover","Development/Implementation","5.9"
"522","Mars Pathfinder","1995","Data Analysis","Operations & Data Analysis","0.1"
"523","Mars Pathfinder","1995","Development","Development/Implementation","79.7"
"524","Mars Pathfinder","1995","Launch Support","Launch Vehicle(s) & Support","21.1"
"525","Mars Pathfinder","1995","Microrover","Development/Implementation","8.5"
"526","Mars Pathfinder","1996","Data Analysis","Operations & Data Analysis","0.2"
"527","Mars Pathfinder","1996","Development","Development/Implementation","33.7"
"528","Mars Pathfinder","1996","Launch Support","Launch Vehicle(s) & Support","17.4"
"529","Mars Pathfinder","1996","Microrover","Development/Implementation","5.8"
"530","Mars Pathfinder","1997","Data Analysis","Operations & Data Analysis","0.2"
"531","Mars Pathfinder","1997","Microrover","Development/Implementation","2"
"532","Mars Pathfinder","1997","Operations & Data Analysis","Operations & Data Analysis","9.6"
"533","Mars Pathfinder","1998","Data Analysis","Operations & Data Analysis","0.2"
"534","Mars Pathfinder","1998","Operations & Data Analysis","Operations & Data Analysis","4.4"
"535","Mars Perseverance","2013","Formulation","Formulation","78.43333333"
"536","Mars Perseverance","2014","Formulation","Formulation","85.33333333"
"537","Mars Perseverance","2015","Formulation","Formulation","110.6333333"
"538","Mars Perseverance","2016","Formulation","Formulation","118.8"
"539","Mars Perseverance","2016","Implementation (incl LV)","Development/Implementation (incl LV)","227.7"
"540","Mars Perseverance","2017","Implementation (incl LV)","Development/Implementation (incl LV)","425.2"
"541","Mars Perseverance","2018","Implementation (incl LV)","Development/Implementation (incl LV)","536.6"
"542","Mars Perseverance","2019","Implementation (incl LV)","Development/Implementation (incl LV)","515.3"
"543","Mars Perseverance","2020","Implementation (incl LV)","Development/Implementation (incl LV)","330.3"
"544","Mars Perseverance","2020","Operations","Operations & Data Analysis","22.7"
"545","Mars Perseverance","2021","Implementation (incl LV)","Development/Implementation (incl LV)","34.3"
"546","Mars Perseverance","2021","Operations","Operations & Data Analysis","120.7"
"547","Mars Perseverance","2022","Operations","Operations & Data Analysis","105.7"
"548","Mars Perseverance","2023","Operations","Operations & Data Analysis","80"
"549","Mars Sample Return","2019","Formulation","Formulation","30.3"
"550","Mars Sample Return","2020","Formulation","Formulation","65.5"
"551","Mars Sample Return","2021","Formulation","Formulation","23.3"
"552","Mars Sample Return","2022","Formulation","Formulation","653.2"
"553","Mars Sample Return","2023","Formulation","Formulation","822.3"
"554","Mars Sample Return","2024","Formulation","Formulation","800"
"555","Mars Sample Return","2025","Formulation","Formulation","700"
"556","Mars Sample Return","2026","Formulation","Formulation","600"
"557","Mars Sample Return","2027","Formulation","Formulation","612.1"
"558","MAVEN","2007","Formulation","Formulation","5.3"
"559","MAVEN","2008","Formulation","Formulation","1"
"560","MAVEN","2009","Formulation","Formulation","6.7"
"561","MAVEN","2010","Formulation","Formulation","48.1"
"562","MAVEN","2011","Formulation","Formulation","5.5"
"563","MAVEN","2011","Implementation (incl LV)","Development/Implementation (incl LV)","155"
"564","MAVEN","2012","Implementation (incl LV)","Development/Implementation (incl LV)","245.7"
"565","MAVEN","2013","Implementation (incl LV)","Development/Implementation (incl LV)","86.5"
"566","MAVEN","2014","Operations","Operations & Data Analysis","14.9"
"567","MAVEN","2015","Operations","Operations & Data Analysis","13.8"
"568","MAVEN","2016","Operations","Operations & Data Analysis","21.3"
"569","MAVEN","2017","Operations","Operations & Data Analysis","20.5"
"570","MAVEN","2018","Operations","Operations & Data Analysis","22.2"
"571","MAVEN","2019","Operations","Operations & Data Analysis","17.9"
"572","MAVEN","2020","Operations","Operations & Data Analysis","20.5"
"573","MAVEN","2021","Operations","Operations & Data Analysis","21"
"574","MAVEN","2022","Operations","Operations & Data Analysis","23"
"575","MAVEN","2023","Operations","Operations & Data Analysis","23"
"576","MER","2000","Development (incl LV)","Development/Implementation (incl LV)","18.9"
"577","MER","2001","Development (incl LV)","Development/Implementation (incl LV)","296"
"578","MER","2002","Development (incl LV)","Development/Implementation (incl LV)","277.6"
"579","MER","2003","Development (incl LV)","Development/Implementation (incl LV)","151.5"
"580","MER","2003","Operations","Operations & Data Analysis","20.9"
"581","MER","2004","Data Analysis","Operations & Data Analysis","25.2"
"582","MER","2004","Operations","Operations & Data Analysis","26.4"
"583","MER","2005","Data Analysis","Operations & Data Analysis","7"
"584","MER","2005","Operations","Operations & Data Analysis","30.33333333"
"585","MER","2006","Operations","Operations & Data Analysis","30.33333333"
"586","MER","2007","Operations","Operations & Data Analysis","30.33333333"
"587","MER","2009","Operations","Operations & Data Analysis","20"
"588","MER","2010","Operations","Operations & Data Analysis","20"
"589","MER","2011","Operations","Operations & Data Analysis","13.6"
"590","MER","2012","Operations","Operations & Data Analysis","15"
"591","MER","2013","Operations","Operations & Data Analysis","13.2"
"592","MER","2014","Operations","Operations & Data Analysis","14"
"593","MER","2015","Operations","Operations & Data Analysis","13.7"
"594","MER","2016","Operations","Operations & Data Analysis","14.2"
"595","MER","2017","Operations","Operations & Data Analysis","12.5"
"596","MER","2018","Operations","Operations & Data Analysis","12.5"
"597","MER","2019","Operations","Operations & Data Analysis","3.6"
"598","MESSENGER","1999","Formulation","Formulation","1.7"
"599","MESSENGER","2000","Formulation","Formulation","9.6"
"600","MESSENGER","2001","Development (incl LV)","Development/Implementation (incl LV)","31.5"
"601","MESSENGER","2001","Formulation","Formulation","20.3"
"602","MESSENGER","2002","Development (incl LV)","Development/Implementation (incl LV)","97.4"
"603","MESSENGER","2003","Development (incl LV)","Development/Implementation (incl LV)","86.7"
"604","MESSENGER","2004","Development (incl LV)","Development/Implementation (incl LV)","37.8"
"605","MESSENGER","2004","Operations","Operations & Data Analysis","4.5"
"606","MESSENGER","2005","Operations","Operations & Data Analysis","7.7"
"607","MESSENGER","2006","Operations","Operations & Data Analysis","8.2"
"608","MESSENGER","2007","Operations","Operations & Data Analysis","9.4"
"609","MESSENGER","2008","Operations","Operations & Data Analysis","11.5"
"610","MESSENGER","2009","Operations","Operations & Data Analysis","16.3"
"611","MESSENGER","2010","Operations","Operations & Data Analysis","15.8"
"612","MESSENGER","2011","Operations","Operations & Data Analysis","22.7"
"613","MESSENGER","2012","Operations","Operations & Data Analysis","34.9"
"614","MESSENGER","2013","Operations","Operations & Data Analysis","16.6"
"615","MESSENGER","2014","Operations","Operations & Data Analysis","12.2"
"616","MESSENGER","2015","Operations","Operations & Data Analysis","6"
"617","MESSENGER","2016","Operations","Operations & Data Analysis","6.8"
"618","MPLMCO","1996","Development","Development/Implementation","52.4"
"619","MPLMCO","1996","Launch Support","Launch Vehicle(s) & Support","7.4"
"620","MPLMCO","1997","Development","Development/Implementation","86.3"
"621","MPLMCO","1997","Launch Support","Launch Vehicle(s) & Support","31.9"
"622","MPLMCO","1998","Development","Development/Implementation","41.1"
"623","MPLMCO","1998","Launch Support","Launch Vehicle(s) & Support","38.5"
"624","MPLMCO","1999","Data Analysis","Operations & Data Analysis","0.2"
"625","MPLMCO","1999","Development","Development/Implementation","9.2"
"626","MPLMCO","1999","Launch Support","Launch Vehicle(s) & Support","7.7"
"627","MPLMCO","1999","Operations & Data Analysis","Operations & Data Analysis","10.1"
"628","MPLMCO","2000","Data Analysis","Operations & Data Analysis","0.4"
"629","MPLMCO","2000","Operations & Data Analysis","Operations & Data Analysis","5.6"
"630","MRO","2001","Formulation","Formulation","12"
"631","MRO","2002","Formulation","Formulation","58"
"632","MRO","2003","Development (incl LV)","Development/Implementation (incl LV)","146.9"
"633","MRO","2004","Development (incl LV)","Development/Implementation (incl LV)","185.5"
"634","MRO","2005","Development (incl LV)","Development/Implementation (incl LV)","143.7"
"635","MRO","2006","Operations","Operations & Data Analysis","46.4"
"636","MRO","2007","Operations","Operations & Data Analysis","47.6"
"637","MRO","2008","Operations","Operations & Data Analysis","38.9"
"638","MRO","2009","Operations","Operations & Data Analysis","23.9"
"639","MRO","2010","Operations","Operations & Data Analysis","23.2"
"640","MRO","2011","Operations","Operations & Data Analysis","30.1"
"641","MRO","2012","Operations","Operations & Data Analysis","39.9"
"642","MRO","2013","Operations","Operations & Data Analysis","20.6"
"643","MRO","2014","Operations","Operations & Data Analysis","29.2"
"644","MRO","2015","Operations","Operations & Data Analysis","27.9"
"645","MRO","2016","Operations","Operations & Data Analysis","27.7"
"646","MRO","2017","Operations","Operations & Data Analysis","28"
"647","MRO","2018","Operations","Operations & Data Analysis","26.3"
"648","MRO","2019","Operations","Operations & Data Analysis","26"
"649","MRO","2020","Operations","Operations & Data Analysis","26.9"
"650","MRO","2021","Operations","Operations & Data Analysis","28.3"
"651","MRO","2022","Operations","Operations & Data Analysis","26"
"652","MRO","2023","Operations","Operations & Data Analysis","25.5"
"653","MSL Curiosity","2002","Formulation","Formulation","5.7"
"654","MSL Curiosity","2003","Formulation","Formulation","60.6"
"655","MSL Curiosity","2004","Formulation","Formulation","118.1"
"656","MSL Curiosity","2005","Formulation","Formulation","117.5"
"657","MSL Curiosity","2006","Formulation","Formulation","213.6"
"658","MSL Curiosity","2006","Implementation (incl LV)","Development/Implementation (incl LV)","37.4"
"659","MSL Curiosity","2007","Implementation (incl LV)","Development/Implementation (incl LV)","416.8"
"660","MSL Curiosity","2008","Implementation (incl LV)","Development/Implementation (incl LV)","545"
"661","MSL Curiosity","2009","Implementation (incl LV)","Development/Implementation (incl LV)","229.3"
"662","MSL Curiosity","2010","Implementation (incl LV)","Development/Implementation (incl LV)","258.4"
"663","MSL Curiosity","2011","Implementation (incl LV)","Development/Implementation (incl LV)","242.9"
"664","MSL Curiosity","2012","Implementation (incl LV)","Development/Implementation (incl LV)","148.6"
"665","MSL Curiosity","2012","Operations","Operations & Data Analysis","25.4"
"666","MSL Curiosity","2013","Operations","Operations & Data Analysis","63.8"
"667","MSL Curiosity","2014","Operations","Operations & Data Analysis","69.6"
"668","MSL Curiosity","2015","Operations","Operations & Data Analysis","63.5"
"669","MSL Curiosity","2016","Operations","Operations & Data Analysis","50.3"
"670","MSL Curiosity","2017","Operations","Operations & Data Analysis","56.2"
"671","MSL Curiosity","2018","Operations","Operations & Data Analysis","51.4"
"672","MSL Curiosity","2019","Operations","Operations & Data Analysis","51.1"
"673","MSL Curiosity","2020","Operations","Operations & Data Analysis","47"
"674","MSL Curiosity","2021","Operations","Operations & Data Analysis","48.9"
"675","MSL Curiosity","2022","Operations","Operations & Data Analysis","45"
"676","MSL Curiosity","2023","Operations","Operations & Data Analysis","45"
"677","NEAR","1994","Development","Development/Implementation","66.6"
"678","NEAR","1994","Launch Support","Launch Vehicle(s) & Support","24.6"
"679","NEAR","1995","Data Analysis","Operations & Data Analysis","0.1"
"680","NEAR","1995","Development","Development/Implementation","50"
"681","NEAR","1995","Launch Support","Launch Vehicle(s) & Support","15.9"
"682","NEAR","1996","Data Analysis","Operations & Data Analysis","0.2"
"683","NEAR","1996","Development","Development/Implementation","8.3"
"684","NEAR","1996","Launch Support","Launch Vehicle(s) & Support","3"
"685","NEAR","1996","Operations & Data Analysis","Operations & Data Analysis","4.9"
"686","NEAR","1997","Data Analysis","Operations & Data Analysis","0.2"
"687","NEAR","1997","Operations & Data Analysis","Operations & Data Analysis","3.1"
"688","NEAR","1998","Data Analysis","Operations & Data Analysis","0.2"
"689","NEAR","1998","Operations & Data Analysis","Operations & Data Analysis","11"
"690","NEAR","1999","Data Analysis","Operations & Data Analysis","0.2"
"691","NEAR","1999","Operations & Data Analysis","Operations & Data Analysis","14.3"
"692","NEAR","2000","Data Analysis","Operations & Data Analysis","0.2"
"693","NEAR","2000","Operations & Data Analysis","Operations & Data Analysis","13"
"694","NEAR","2001","Data Analysis","Operations & Data Analysis","0.2"
"695","NEAR","2001","Operations & Data Analysis","Operations & Data Analysis","9.8"
"696","NEAR","2002","Operations & Data Analysis","Operations & Data Analysis","1.5"
"697","NEAR","2003","Operations & Data Analysis","Operations & Data Analysis","3"
"698","New Horizons","2001","Development (incl LV)","Development/Implementation (incl LV)","0.7"
"699","New Horizons","2002","Development (incl LV)","Development/Implementation (incl LV)","30"
"700","New Horizons","2003","Development (incl LV)","Development/Implementation (incl LV)","123.6"
"701","New Horizons","2004","Development (incl LV)","Development/Implementation (incl LV)","140.1"
"702","New Horizons","2005","Development (incl LV)","Development/Implementation (incl LV)","193.5"
"703","New Horizons","2006","Development (incl LV)","Development/Implementation (incl LV)","77.8"
"704","New Horizons","2007","Operations","Operations & Data Analysis","18.8"
"705","New Horizons","2008","Operations","Operations & Data Analysis","20.2"
"706","New Horizons","2009","Operations","Operations & Data Analysis","19"
"707","New Horizons","2010","Operations","Operations & Data Analysis","18.425"
"708","New Horizons","2011","Operations","Operations & Data Analysis","9.7"
"709","New Horizons","2012","Operations","Operations & Data Analysis","26.5"
"710","New Horizons","2013","Operations","Operations & Data Analysis","9.6"
"711","New Horizons","2014","Operations","Operations & Data Analysis","12.9"
"712","New Horizons","2015","Operations","Operations & Data Analysis","28.8"
"713","New Horizons","2016","Operations","Operations & Data Analysis","21.5"
"714","New Horizons","2017","Operations","Operations & Data Analysis","29.4"
"715","New Horizons","2018","Operations","Operations & Data Analysis","12"
"716","New Horizons","2019","Operations","Operations & Data Analysis","12.7"
"717","New Horizons","2020","Operations","Operations & Data Analysis","17.3"
"718","New Horizons","2021","Operations","Operations & Data Analysis","12.5"
"719","New Horizons","2022","Operations","Operations & Data Analysis","9.5"
"720","New Horizons","2023","Operations","Operations & Data Analysis","12.5"
"721","OSIRIS-REx","2011","Formulation","Formulation","4.9"
"722","OSIRIS-REx","2012","Formulation","Formulation","99.8"
"723","OSIRIS-REx","2013","Formulation","Formulation","36.2"
"724","OSIRIS-REx","2013","Implementation (incl LV)","Development/Implementation (incl LV)","89.3"
"725","OSIRIS-REx","2014","Implementation (incl LV)","Development/Implementation (incl LV)","207.3"
"726","OSIRIS-REx","2015","Implementation (incl LV)","Development/Implementation (incl LV)","209.8"
"727","OSIRIS-REx","2016","Implementation (incl LV)","Development/Implementation (incl LV)","124.7"
"728","OSIRIS-REx","2017","Implementation (incl LV)","Development/Implementation (incl LV)","13.3"
"729","OSIRIS-REx","2017","Operations","Operations & Data Analysis","26.2"
"730","OSIRIS-REx","2018","Operations","Operations & Data Analysis","42.8"
"731","OSIRIS-REx","2019","Operations","Operations & Data Analysis","50.3"
"732","OSIRIS-REx","2020","Operations","Operations & Data Analysis","37.1"
"733","OSIRIS-REx","2021","Operations","Operations & Data Analysis","10.4"
"734","OSIRIS-REx","2022","Operations","Operations & Data Analysis","11.1"
"735","OSIRIS-REx","2023","Operations","Operations & Data Analysis","32.1"
"736","OSIRIS-REx","2024","Operations","Operations & Data Analysis","36.8"
"737","OSIRIS-REx","2025","Operations","Operations & Data Analysis","25.4"
"738","OSIRIS-REx","2026","Operations","Operations & Data Analysis","20"
"739","OSIRIS-REx","2027","Operations","Operations & Data Analysis","32.4"
"740","Phoenix","2003","Formulation","Formulation","12.1"
"741","Phoenix","2004","Formulation","Formulation","25.5"
"742","Phoenix","2005","Formulation","Formulation","48.1"
"743","Phoenix","2005","Implementation (incl LV)","Development/Implementation (incl LV)","60.8"
"744","Phoenix","2006","Implementation (incl LV)","Development/Implementation (incl LV)","141.5"
"745","Phoenix","2007","Implementation (incl LV)","Development/Implementation (incl LV)","119.4"
"746","Phoenix","2008","Operations","Operations & Data Analysis","11.4"
"747","Phoenix","2009","Operations","Operations & Data Analysis","1.2"
"748","Pioneer 10 & 11","1969","Launch Vehicle(s)","Launch Vehicle(s) & Support","1.265"
"749","Pioneer 10 & 11","1969","Science","Science & Experiments","1.84"
"750","Pioneer 10 & 11","1969","Spacecraft","Development/Implementation","2.86"
"751","Pioneer 10 & 11","1969","Launch Vehicle(s)","Launch Vehicle(s) & Support","1.265"
"752","Pioneer 10 & 11","1970","Launch Vehicle(s)","Launch Vehicle(s) & Support","2.1"
"753","Pioneer 10 & 11","1970","Science","Science & Experiments","7.513"
"754","Pioneer 10 & 11","1970","Spacecraft","Development/Implementation","13.287"
"755","Pioneer 10 & 11","1970","Launch Vehicle(s)","Launch Vehicle(s) & Support","2.1"
"756","Pioneer 10 & 11","1971","Ground Operations","Project Management/Ground Operations","0.857"
"757","Pioneer Venus","1991","Operations","Operations & Data Analysis","6.2"
"758","Pioneer 10 & 11","1971","Launch Vehicle(s)","Launch Vehicle(s) & Support","18.3"
"759","Pioneer 10 & 11","1971","Science","Science & Experiments","8.018"
"760","Pioneer 10 & 11","1971","Spacecraft","Development/Implementation","29.321"
"761","Pioneer 10 & 11","1971","Launch Vehicle(s)","Launch Vehicle(s) & Support","18.3"
"762","Pioneer 10 & 11","1972","Launch Vehicle(s)","Launch Vehicle(s) & Support","6.8"
"763","Pioneer 10 & 11","1972","Operations","Operations & Data Analysis","2.1"
"764","Pioneer 10 & 11","1972","Science","Science & Experiments","2.9"
"765","Pioneer 10 & 11","1972","Spacecraft","Development/Implementation","7.164"
"766","Pioneer 10 & 11","1972","Launch Vehicle(s)","Launch Vehicle(s) & Support","6.8"
"767","Pioneer 10 & 11","1973","Operations","Operations & Data Analysis","2.653"
"768","Pioneer 10 & 11","1973","Science","Science & Experiments","2.065"
"769","Pioneer 10 & 11","1973","Spacecraft","Development/Implementation","4.19"
"770","Pioneer 10 & 11","1974","Operations","Operations & Data Analysis","5.28"
"771","Pioneer 10 & 11","1975","Operations","Operations & Data Analysis","4.926"
"772","Pioneer 10 & 11","1976","Operations","Operations & Data Analysis","3.6"
"773","Pioneer 10 & 11","1976TQ","Operations","Operations & Data Analysis","0.879"
"774","Pioneer 10 & 11","1977","Operations","Operations & Data Analysis","2.3"
"775","Pioneer 10 & 11","1978","Operations","Operations & Data Analysis","1.806"
"776","Pioneer 10 & 11","1979","Operations","Operations & Data Analysis","2.825"
"777","Pioneer 10 & 11","1980","Operations","Operations & Data Analysis","2.8"
"778","Pioneer 10 & 11","1981","Operations","Operations & Data Analysis","2"
"779","Pioneer 10 & 11","1982","Operations","Operations & Data Analysis","1.9"
"780","Pioneer 10 & 11","1987","Operations","Operations & Data Analysis","3.7"
"781","Pioneer 10 & 11","1988","Operations","Operations & Data Analysis","3.5"
"782","Pioneer 10 & 11","1989","Operations","Operations & Data Analysis","3.7"
"783","Pioneer 10 & 11","1990","Operations","Operations & Data Analysis","3.9"
"784","Pioneer 10 & 11","1991","Operations","Operations & Data Analysis","4.1"
"785","Pioneer 10 & 11","1993","Operations","Operations & Data Analysis","8.8"
"786","Pioneer 10 & 11","1994","Operations","Operations & Data Analysis","4.5"
"787","Pioneer 10 & 11","1995","Operations","Operations & Data Analysis","2.5"
"788","Pioneer 10 & 11","1996","Operations","Operations & Data Analysis","2.5"
"789","Pioneer 10 & 11","1997","Operations","Operations & Data Analysis","2.5"
"790","Pioneer 6 - 9","1963","Spacecraft","Development/Implementation","2.614"
"791","Pioneer 6 - 9","1964","Spacecraft","Development/Implementation","13.6"
"792","Pioneer 6 - 9","1964","Launch Vehicle(s)","Launch Vehicle(s) & Support","4.1"
"793","Pioneer 6 - 9","1965","Spacecraft","Development/Implementation","15"
"794","Pioneer 6 - 9","1965","Launch Vehicle(s)","Launch Vehicle(s) & Support","3.521"
"795","Pioneer 6 - 9","1966","Spacecraft","Development/Implementation","12.7"
"796","Pioneer 6 - 9","1966","Launch Vehicle(s)","Launch Vehicle(s) & Support","3.999"
"797","Pioneer 6 - 9","1967","Spacecraft","Development/Implementation","6.9"
"798","Pioneer 6 - 9","1967","Launch Vehicle(s)","Launch Vehicle(s) & Support","1.217"
"799","Pioneer 6 - 9","1968","Spacecraft","Development/Implementation","6"
"800","Pioneer 6 - 9","1968","Launch Vehicle(s)","Launch Vehicle(s) & Support","2.5"
"801","Pioneer Venus","1975","Experiments","Science & Experiments","7.5"
"802","Pioneer Venus","1975","Ground Operations","Project Management/Ground Operations","0.3"
"803","Pioneer Venus","1975","Launch Vehicle(s)","Launch Vehicle(s) & Support","0.4"
"804","Pioneer Venus","1975","Project Management","Project Management/Ground Operations","0.4"
"805","Pioneer Venus","1975","Spacecraft","Development/Implementation","18.716"
"806","Pioneer Venus","1975","Launch Vehicle(s)","Launch Vehicle(s) & Support","0.4"
"807","Pioneer Venus","1976","Experiments","Science & Experiments","17.7"
"808","Pioneer Venus","1976","Ground Operations","Project Management/Ground Operations","2"
"809","Pioneer Venus","1976","Launch Vehicle(s)","Launch Vehicle(s) & Support","6.4"
"810","Pioneer Venus","1976","Spacecraft","Development/Implementation","36.9"
"811","Pioneer Venus","1976","Launch Vehicle(s)","Launch Vehicle(s) & Support","6.4"
"812","Pioneer Venus","1976TQ","Experiments","Science & Experiments","5.6"
"813","Pioneer Venus","1976TQ","Ground Operations","Project Management/Ground Operations","1.7"
"814","Pioneer Venus","1976TQ","Launch Vehicle(s)","Launch Vehicle(s) & Support","2.7"
"815","Pioneer Venus","1976TQ","Spacecraft","Development/Implementation","8"
"816","Pioneer Venus","1976TQ","Launch Vehicle(s)","Launch Vehicle(s) & Support","2.7"
"817","Pioneer Venus","1977","Experiments","Science & Experiments","9.5"
"818","Pioneer Venus","1977","Ground Operations","Project Management/Ground Operations","2.5"
"819","Pioneer Venus","1977","Launch Vehicle(s)","Launch Vehicle(s) & Support","22.55"
"820","Pioneer Venus","1977","Spacecraft","Development/Implementation","30.8"
"821","Pioneer Venus","1977","Launch Vehicle(s)","Launch Vehicle(s) & Support","22.55"
"822","Pioneer Venus","1978","Launch Vehicle(s)","Launch Vehicle(s) & Support","4.205"
"823","Pioneer Venus","1978","Operations","Operations & Data Analysis","1.1"
"824","Pioneer Venus","1978","Launch Vehicle(s)","Launch Vehicle(s) & Support","4.205"
"825","Pioneer Venus","1979","Operations","Operations & Data Analysis","9"
"826","Pioneer Venus","1980","Operations","Operations & Data Analysis","8.251"
"827","Pioneer Venus","1981","Operations","Operations & Data Analysis","4.7"
"828","Pioneer Venus","1982","Operations","Operations & Data Analysis","5.066666667"
"829","Pioneer Venus","1983","Operations","Operations & Data Analysis","5.066666667"
"830","Pioneer Venus","1984","Operations","Operations & Data Analysis","5.066666667"
"831","Pioneer Venus","1985","Operations","Operations & Data Analysis","5.066666667"
"832","Pioneer Venus","1986","Operations","Operations & Data Analysis","5.066666667"
"833","Pioneer Venus","1987","Operations","Operations & Data Analysis","5.2"
"834","Pioneer Venus","1988","Operations","Operations & Data Analysis","4.4"
"835","Pioneer Venus","1989","Operations","Operations & Data Analysis","5.6"
"836","Pioneer Venus","1990","Operations","Operations & Data Analysis","5.9"
"837","Pioneer Venus","1992","Operations","Operations & Data Analysis","6.5"
"838","Psyche","2016","Formulation","Formulation","3"
"839","Psyche","2017","Formulation","Formulation","47.3"
"840","Psyche","2018","Formulation","Formulation","42"
"841","Psyche","2019","Formulation","Formulation","51.4"
"842","Psyche","2019","Implementation (incl LV)","Development/Implementation (incl LV)","122.8"
"843","Psyche","2020","Implementation (incl LV)","Development/Implementation (incl LV)","214"
"844","Psyche","2021","Implementation (incl LV)","Development/Implementation (incl LV)","175.6"
"845","Psyche","2022","Implementation (incl LV)","Development/Implementation (incl LV)","138.7"
"846","Psyche","2023","Operations","Operations & Data Analysis","38.8"
"847","Psyche","2024","Operations","Operations & Data Analysis","29"
"848","Psyche","2025","Operations","Operations & Data Analysis","32"
"849","Psyche","2026","Operations","Operations & Data Analysis","32"
"850","Psyche","2027","Operations","Operations & Data Analysis","35.4"
"851","Psyche","2028","Operations","Operations & Data Analysis","13.7"
"852","Ranger","1960","Launch Vehicle(s)","Launch Vehicle(s) & Support","7.36"
"853","Ranger","1960","Spacecraft","Development/Implementation","12.182"
"854","Ranger","1961","Launch Vehicle(s)","Launch Vehicle(s) & Support","16.67"
"855","Ranger","1961","Spacecraft","Development/Implementation","28.396"
"856","Ranger","1962","Launch Vehicle(s)","Launch Vehicle(s) & Support","30.9"
"857","Ranger","1962","Spacecraft","Development/Implementation","32.53"
"858","Ranger","1963","Experiments","Science & Experiments","14.5"
"859","Ranger","1963","Ground Operations","Project Management/Ground Operations","9.8"
"860","Ranger","1963","Launch Vehicle(s)","Launch Vehicle(s) & Support","14.863"
"861","Ranger","1963","Spacecraft","Development/Implementation","32.1"
"862","Ranger","1964","Experiments","Science & Experiments","3.926"
"863","Ranger","1964","Ground Operations","Project Management/Ground Operations","6.86"
"864","Ranger","1964","Spacecraft","Development/Implementation","19.52"
"865","Ranger","1965","Spacecraft","Development/Implementation","11.037"
"866","Ranger","1966","Spacecraft","Development/Implementation","1"
"867","Stardust","1996","Development","Development/Implementation","13.5"
"868","Stardust","1996","Formulation","Formulation","9.6"
"869","Stardust","1996","Launch Support","Launch Vehicle(s) & Support","4.6"
"870","Stardust","1997","Development","Development/Implementation","52.2"
"871","Stardust","1997","Launch Support","Launch Vehicle(s) & Support","11.5"
"872","Stardust","1998","Development","Development/Implementation","42.3"
"873","Stardust","1998","Launch Support","Launch Vehicle(s) & Support","12.2"
"874","Stardust","1999","Development","Development/Implementation","8.8"
"875","Stardust","1999","Launch Support","Launch Vehicle(s) & Support","12.5"
"876","Stardust","1999","Operations & Data Analysis","Operations & Data Analysis","3.5"
"877","Stardust","2000","Operations & Data Analysis","Operations & Data Analysis","4.3"
"878","Stardust","2001","Operations & Data Analysis","Operations & Data Analysis","4.6"
"879","Stardust","2002","Operations & Data Analysis","Operations & Data Analysis","4.3"
"880","Stardust","2003","Operations & Data Analysis","Operations & Data Analysis","5.6"
"881","Stardust","2004","Operations & Data Analysis","Operations & Data Analysis","6.8"
"882","Stardust","2005","Operations & Data Analysis","Operations & Data Analysis","5.6"
"883","Stardust","2006","Operations & Data Analysis","Operations & Data Analysis","6.6"
"884","Stardust","2007","Operations & Data Analysis","Operations & Data Analysis","5.8"
"885","Stardust","2008","Operations & Data Analysis","Operations & Data Analysis","5.8"
"886","Stardust","2009","Operations & Data Analysis","Operations & Data Analysis","5.8"
"887","Stardust","2010","Operations & Data Analysis","Operations & Data Analysis","5.8"
"888","Stardust","2011","Operations & Data Analysis","Operations & Data Analysis","5.8"
"889","Surveyor 1 - 7","1961","Spacecraft","Development/Implementation","7.054"
"890","Surveyor 1 - 7","1962","Spacecraft","Development/Implementation","36.825"
"891","Surveyor 1 - 7","1963","Experiments","Science & Experiments","4.021"
"892","Surveyor 1 - 7","1963","Ground Operations","Project Management/Ground Operations","3.079"
"893","Surveyor 1 - 7","1963","Launch Vehicle(s)","Launch Vehicle(s) & Support","13.9"
"894","Surveyor 1 - 7","1963","Spacecraft","Development/Implementation","45.386"
"895","Surveyor 1 - 7","1964","Experiments","Science & Experiments","3.6"
"896","Surveyor 1 - 7","1964","Ground Operations","Project Management/Ground Operations","5.2"
"897","Surveyor 1 - 7","1964","Launch Vehicle(s)","Launch Vehicle(s) & Support","32"
"898","Surveyor 1 - 7","1964","Spacecraft","Development/Implementation","61.904"
"899","Surveyor 1 - 7","1965","Experiments","Science & Experiments","2.523"
"900","Surveyor 1 - 7","1965","Ground Operations","Project Management/Ground Operations","4.812"
"901","Surveyor 1 - 7","1965","Launch Vehicle(s)","Launch Vehicle(s) & Support","40.064"
"902","Surveyor 1 - 7","1965","Spacecraft","Development/Implementation","74.479"
"903","Surveyor 1 - 7","1966","Experiments","Science & Experiments","1.98"
"904","Surveyor 1 - 7","1966","Ground Operations","Project Management/Ground Operations","2.763"
"905","Surveyor 1 - 7","1966","Launch Vehicle(s)","Launch Vehicle(s) & Support","15"
"906","Surveyor 1 - 7","1966","Spacecraft","Development/Implementation","99.891"
"907","Surveyor 1 - 7","1967","Launch Vehicle(s)","Launch Vehicle(s) & Support","7.6"
"908","Surveyor 1 - 7","1967","Spacecraft","Development/Implementation","79.942"
"909","Surveyor 1 - 7","1968","Spacecraft","Development/Implementation","33"
"910","Viking","1969","Spacecraft","Development/Implementation","12.427"
"911","Viking","1970","Launch Vehicle(s)","Launch Vehicle(s) & Support","0.2"
"912","Viking","1970","Project Management","Project Management/Ground Operations","1.6"
"913","Viking","1970","Spacecraft","Development/Implementation","38.4"
"914","Viking","1971","Launch Vehicle(s)","Launch Vehicle(s) & Support","6.1"
"915","Viking","1971","Project Management","Project Management/Ground Operations","2"
"916","Viking","1971","Science","Science & Experiments","7.9"
"917","Viking","1971","Spacecraft","Development/Implementation","25.1"
"918","Viking","1972","Launch Vehicle(s)","Launch Vehicle(s) & Support","10.1"
"919","Viking","1972","Project Management","Project Management/Ground Operations","11"
"920","Viking","1972","Science","Science & Experiments","45"
"921","Viking","1972","Spacecraft","Development/Implementation","120.2"
"922","Viking","1973","Launch Vehicle(s)","Launch Vehicle(s) & Support","33"
"923","Viking","1973","Project Management","Project Management/Ground Operations","12.509"
"924","Viking","1973","Science","Science & Experiments","51.44"
"925","Viking","1973","Spacecraft","Development/Implementation","168.3"
"926","Viking","1974","Launch Vehicle(s)","Launch Vehicle(s) & Support","23"
"927","Viking","1974","Project Management","Project Management/Ground Operations","14.275"
"928","Viking","1974","Science","Science & Experiments","77.82"
"929","Viking","1974","Spacecraft","Development/Implementation","198.342"
"930","Viking","1975","Launch Vehicle(s)","Launch Vehicle(s) & Support","6.2"
"931","Viking","1975","Project Management","Project Management/Ground Operations","6.8"
"932","Viking","1975","Spacecraft","Development/Implementation","82.216"
"933","Viking","1976","Operations","Operations & Data Analysis","39.5"
"934","Viking","1976TQ","Operations","Operations & Data Analysis","11.6"
"935","Viking","1977","Operations","Operations & Data Analysis","25.4"
"936","Viking","1978","Operations","Operations & Data Analysis","20"
"937","Viking","1979","Operations","Operations & Data Analysis","5"
"938","Viking","1980","Operations","Operations & Data Analysis","2.45"
"939","VIPER","2019","Formulation","Formulation","39.7"
"940","VIPER","2020","Formulation","Formulation","40.4"
"941","VIPER","2020","Implementation","Development/Implementation","14.5"
"942","VIPER","2021","Implementation","Development/Implementation","99.1"
"943","VIPER","2022","Implementation","Development/Implementation","112.2"
"944","VIPER","2023","Implementation","Development/Implementation","97"
"945","VIPER","2024","Implementation","Development/Implementation","13.5"
"946","VIPER","2024","Operations","Operations & Data Analysis","17.2"
"947","Voyager","1972","Experiments","Science & Experiments","1.6"
"948","Voyager","1972","Project Management","Project Management/Ground Operations","1.465"
"949","Voyager","1972","Spacecraft","Development/Implementation","6.1"
"950","Voyager","1973","Experiments","Science & Experiments","1.3"
"951","Voyager","1973","Ground Operations","Project Management/Ground Operations","0.065"
"952","Voyager","1973","Project Management","Project Management/Ground Operations","1.385"
"953","Voyager","1973","Spacecraft","Development/Implementation","3.314"
"954","Voyager","1974","Experiments","Science & Experiments","11.372"
"955","Voyager","1974","Ground Operations","Project Management/Ground Operations","0.405"
"956","Voyager","1974","Launch Vehicle(s)","Launch Vehicle(s) & Support","19.2"
"957","Voyager","1974","Project Management","Project Management/Ground Operations","2.497"
"958","Voyager","1974","Spacecraft","Development/Implementation","13.116"
"959","Voyager","1975","Experiments","Science & Experiments","14.165"
"960","Voyager","1975","Ground Operations","Project Management/Ground Operations","1.06"
"961","Voyager","1975","Launch Vehicle(s)","Launch Vehicle(s) & Support","7.2"
"962","Voyager","1975","Project Management","Project Management/Ground Operations","3.517"
"963","Voyager","1975","Spacecraft","Development/Implementation","51.019"
"964","Voyager","1976","Experiments","Science & Experiments","18.7"
"965","Voyager","1976","Ground Operations","Project Management/Ground Operations","5.3"
"966","Voyager","1976","Launch Vehicle(s)","Launch Vehicle(s) & Support","30.2"
"967","Voyager","1976","Spacecraft","Development/Implementation","58.4"
"968","Voyager","1976TQ","Experiments","Science & Experiments","4.2"
"969","Voyager","1976TQ","Ground Operations","Project Management/Ground Operations","3.4"
"970","Voyager","1976TQ","Launch Vehicle(s)","Launch Vehicle(s) & Support","1.9"
"971","Voyager","1976TQ","Spacecraft","Development/Implementation","16"
"972","Voyager","1977","Experiments","Science & Experiments","13.3"
"973","Voyager","1977","Ground Operations","Project Management/Ground Operations","7.9"
"974","Voyager","1977","Launch Vehicle(s)","Launch Vehicle(s) & Support","9.467"
"975","Voyager","1977","Spacecraft","Development/Implementation","29.1"
"976","Voyager","1978","Operations","Operations & Data Analysis","16.025"
"977","Voyager","1979","Operations","Operations & Data Analysis","16.742"
"978","Voyager","1980","Operations","Operations & Data Analysis","19"
"979","Voyager","1981","Operations","Operations & Data Analysis","28.966"
"980","Voyager","1982","Operations","Operations & Data Analysis","17.2"
"981","Voyager","1983","Operations","Operations & Data Analysis","17.4"
"982","Voyager","1984","Operations","Operations & Data Analysis","19.1"
"983","Voyager","1985","Operations","Operations & Data Analysis","26.036"
"984","Voyager","1986","Operations","Operations & Data Analysis","30.8"
"985","Voyager","1987","Operations","Operations & Data Analysis","28.905"
"986","Voyager","1988","Operations","Operations & Data Analysis","24.62"
"987","Voyager","1989","Operations","Operations & Data Analysis","42.4"
"988","Voyager","1990","Operations","Operations & Data Analysis","25.492"
"989","Voyager","1991","Operations","Operations & Data Analysis","17.577"
"990","Voyager","1992","Operations","Operations & Data Analysis","4.3"
"991","Voyager","1993","Operations","Operations & Data Analysis","5.01"
"992","Voyager","1994","Operations","Operations & Data Analysis","17"
"993","Voyager","1995","Operations","Operations & Data Analysis","4.3"
"994","Voyager","1996","Operations","Operations & Data Analysis","8"
"995","Voyager","1997","Operations","Operations & Data Analysis","8"
"996","Voyager","1998","Operations","Operations & Data Analysis","8"
"997","Voyager","2002","Operations","Operations & Data Analysis","1.8"
"998","Voyager","2003","Operations","Operations & Data Analysis","0.8"
"999","Voyager","2004","Operations","Operations & Data Analysis","2"
"1000","Voyager","2011","Operations","Operations & Data Analysis","4.4"
"1001","Voyager","2012","Operations","Operations & Data Analysis","5.3"
"1002","Voyager","2013","Operations","Operations & Data Analysis","5.3"
"1003","Voyager","2014","Operations","Operations & Data Analysis","5.4"
"1004","Voyager","2015","Operations","Operations & Data Analysis","5.5"
"1005","Voyager","2016","Operations","Operations & Data Analysis","5.7"
"1006","Voyager","2017","Operations","Operations & Data Analysis","5.6"
"1007","Voyager","2018","Operations","Operations & Data Analysis","5.6"
"1008","Voyager","2019","Operations","Operations & Data Analysis","5.8"
"1009","Voyager","2020","Operations","Operations & Data Analysis","6.7"
"1010","Voyager","2021","Operations","Operations & Data Analysis","6.5"
"1011","Voyager","2022","Operations","Operations & Data Analysis","5.6"
"1012","Voyager","2023","Operations","Operations & Data Analysis","5.1"